{"cameraMode":{"drawMode":0,"name":"Shaded","section":"Shading Mode"},"sceneLighting":true,"audioPlay":false,"sceneViewState":{"m_AlwaysRefresh":false,"showFog":true,"showSkybox":true,"showFlares":true,"showImageEffects":true,"showParticleSystems":true,"showVisualEffectGraphs":true,"m_FxEnabled":true},"in2DMode":false,"pivot":{"x":12.170525550842286,"y":2.464235305786133,"z":0.6484053134918213},"rotation":{"x":-0.049592453986406329,"y":0.6930450797080994,"z":0.04789614677429199,"w":0.7175899744033814},"size":8.495550155639649,"orthographic":false}